0.0,-65.0
0.025,-64.99925452909274
0.05,-64.9985207095132
0.075,-64.99779768226396
0.09999999999999999,-64.99708468737194
0.12499999999999999,-64.9963810528078
0.15,-64.99568618464123
0.17500000000000002,-64.99499955829286
0.20000000000000004,-64.99432071076043
0.22500000000000006,-64.99364923370976
0.25000000000000006,-64.99298476733401
0.2750000000000001,-64.99232699489554
0.3000000000000001,-64.99167563787408
0.3250000000000001,-64.99103045165381
0.35000000000000014,-64.99039122168917
0.37500000000000017,-64.98975776009632
0.4000000000000002,-64.9891299026229
0.4250000000000002,-64.98850750595395
0.45000000000000023,-64.98789044531675
0.47500000000000026,-64.98727861235145
0.5000000000000002,-64.98667191321786
0.5250000000000001,-64.98607026691244
0.55,-64.98547360377184
0.575,-64.98488186414271
0.5999999999999999,-64.98429499719907
0.6249999999999998,-64.98371295989108
0.6499999999999997,-64.98313571601047
0.6749999999999996,-64.98256323535989
0.6999999999999995,-64.98199549301468
0.7249999999999994,-64.9814324686666
0.7499999999999993,-64.98087414604076
0.7749999999999992,-64.98032051237747
0.7999999999999992,-64.9797715579718
0.8249999999999991,-64.97922727576466
0.849999999999999,-64.97868766097943
0.8749999999999989,-64.9781527107994
0.8999999999999988,-64.97762242408126
0.9249999999999987,-64.97709680110077
0.9499999999999986,-64.9765758433271
0.9749999999999985,-64.97605955322251
0.9999999999999984,-64.97554793406478
1.0249999999999984,-64.97504098978966
1.0499999999999983,-64.97453872485134
1.0749999999999982,-64.97404114409876
1.099999999999998,-64.97354825266615
1.124999999999998,-64.97306005587613
1.149999999999998,-64.9725765591541
1.1749999999999978,-64.97209776795255
1.1999999999999977,-64.97162368768419
1.2249999999999976,-64.97115432366313
1.2499999999999976,-64.97068968105297
1.2749999999999975,-64.97022976482118
1.2999999999999974,-64.96977457969902
1.3249999999999973,-64.96932413014642
1.3499999999999972,-64.96887842032129
1.3749999999999971,-64.96843745405272
1.399999999999997,-64.96800123481766
1.424999999999997,-64.96756976572075
1.4499999999999968,-64.96714304947682
1.4749999999999968,-64.96672108839593
1.4999999999999967,-64.96630388437062
1.5249999999999966,-64.96589143886499
1.5499999999999965,-64.96548375290563
1.5749999999999964,-64.965080827074
1.5999999999999963,-64.96468266150032
1.6249999999999962,-64.96428925585846
1.6499999999999961,-64.96390060936216
1.674999999999996,-64.96351672076206
1.699999999999996,-64.96313758834367
1.7249999999999959,-64.96276320992605
1.7499999999999958,-64.96239358286122
1.7749999999999957,-64.9620287040342
1.7999999999999956,-64.96166856986348
1.8249999999999955,-64.96131317630213
1.8499999999999954,-64.96096251883924
1.8749999999999953,-64.96061659250175
1.8999999999999952,-64.96027539185667
1.9249999999999952,-64.95993891101354
1.949999999999995,-64.95960714362721
1.974999999999995,-64.95928008290086
1.999999999999995,-64.95895772158921
2.024999999999995,-63.19798736332058
2.0499999999999954,-61.464694870907095
2.0749999999999957,-59.75703419122009
2.099999999999996,-58.072839823716905
2.1249999999999964,-58.16964490045525
2.149999999999997,-58.256841253276605
2.174999999999997,-58.33448369938544
2.1999999999999975,-58.40276685030286
2.224999999999998,-58.461995448309736
2.2499999999999982,-58.51255673329868
2.2749999999999986,-58.554895785659305
2.299999999999999,-58.58949429402358
2.3249999999999993,-58.6168528434295
2.3499999999999996,-58.63747658275901
2.375,-58.651863984674115
2.4000000000000004,-58.66049833391822
2.4250000000000007,-58.663841551377466
2.450000000000001,-58.662329965945226
2.4750000000000014,-58.65637167172371
2.5000000000000018,-58.646345145266494
2.525000000000002,-58.6325988398746
2.5500000000000025,-58.61545151697651
2.575000000000003,-58.59519311553911
2.600000000000003,-58.57208599765895
2.6250000000000036,-58.54636644120206
2.650000000000004,-58.51824627839595
2.6750000000000043,-58.48791460278973
2.7000000000000046,-58.45553948635593
2.725000000000005,-58.42126966418342
2.7500000000000053,-58.38523615670997
2.7750000000000057,-58.34755380925979
2.800000000000006,-58.30832273624249
2.8250000000000064,-58.267629663143644
2.8500000000000068,-58.22554916374556
2.875000000000007,-58.18214479315957
2.9000000000000075,-58.137470119478
2.925000000000008,-58.09156965836922
2.950000000000008,-58.04447971590917
2.9750000000000085,-57.996229145500884
3.000000000000009,-57.9468381282237
3.0250000000000092,-57.89629770551442
3.0500000000000096,-57.844594382125436
3.07500000000001,-57.79171039266528
3.1000000000000103,-57.73762392548039
3.1250000000000107,-57.68230930762112
3.150000000000011,-57.6257371542461
3.1750000000000114,-57.567874485451654
3.2000000000000117,-57.5086848131674
3.225000000000012,-57.448128200438006
3.2500000000000124,-57.38616129511288
3.275000000000013,-57.32273733969024
3.300000000000013,-57.257806158808805
3.3250000000000135,-57.19131412564696
3.350000000000014,-57.12320410827557
3.375000000000014,-57.05341539681358
3.4000000000000146,-56.98188361205518
3.425000000000015,-56.90852995441411
3.4500000000000153,-56.83323971791679
3.4750000000000156,-56.75589560130674
3.500000000000016,-56.67637707134254
3.5250000000000163,-56.59455974168567
3.5500000000000167,-56.51031476089089
3.575000000000017,-56.4235082035221
3.6000000000000174,-56.33400045883448
3.6250000000000178,-56.241645611805055
3.650000000000018,-56.14629081156851
3.6750000000000185,-56.04777562253616
3.700000000000019,-55.94593135365083
3.725000000000019,-55.840544210746835
3.7500000000000195,-55.731358061264366
3.77500000000002,-55.6181071136663
3.8000000000000203,-55.50051422367577
3.8250000000000206,-55.37828919013486
3.850000000000021,-55.25112702348323
3.8750000000000213,-55.11870617095232
3.9000000000000217,-54.98068668350593
3.925000000000022,-54.83669395590341
3.9500000000000224,-54.6862380120864
3.9750000000000227,-54.52880404426421
4.000000000000023,-54.363848522667176
4.0250000000000234,-54.19079519843168
4.050000000000024,-54.009030963117496
4.075000000000024,-53.817901531957865
4.1000000000000245,-53.6165566052332
4.125000000000025,-53.404084018948886
4.150000000000025,-53.179509612720864
4.175000000000026,-52.94178886552196
4.200000000000026,-52.68974665522115
4.225000000000026,-52.42194614486445
4.250000000000027,-52.13684143677896
4.275000000000027,-51.83276226640581
4.300000000000027,-51.507739091999525
4.325000000000028,-51.159493086398996
4.350000000000028,-50.78554649434564
4.375000000000028,-50.38298109346153
4.400000000000029,-49.948430415809796
4.425000000000029,-49.478151941088626
4.4500000000000295,-48.967592929291406
4.47500000000003,-48.411702540818425
4.50000000000003,-47.80433276279685
4.5250000000000306,-47.138457968590004
4.550000000000031,-46.405762976933595
4.575000000000031,-45.59632522780673
4.600000000000032,-44.69843533442472
4.625000000000032,-43.69813590810823
4.650000000000032,-42.57869325256925
4.675000000000033,-41.319994611579325
4.700000000000033,-39.89786474247446
4.725000000000033,-38.2832383416681
4.750000000000034,-36.441117400200156
4.775000000000034,-34.329762209218025
4.8000000000000345,-31.899914597783116
4.825000000000035,-29.094597094361383
4.850000000000035,-25.850268197824974
4.8750000000000355,-22.100497998728965
4.900000000000036,-17.783946791560687
4.925000000000036,-12.859555244273132
4.950000000000037,-7.330228042093876
4.975000000000037,-1.274379024980358
5.000000000000037,5.125813992509587
5.025000000000038,11.578465804782383
5.050000000000038,17.71926045063585
5.075000000000038,23.19225372324022
5.100000000000039,27.7397499683089
5.125000000000039,31.255374578797714
5.150000000000039,33.778022496850895
5.17500000000004,35.44261319736576
5.20000000000004,36.421344212124254
5.2250000000000405,36.87998867231176
5.250000000000041,36.955888792538275
5.275000000000041,36.75275423999627
5.300000000000042,36.3444809935877
5.325000000000042,35.78201535680881
5.350000000000042,35.10004834305736
5.375000000000043,34.322344561756964
5.400000000000043,33.46555776808736
5.425000000000043,32.541783394147835
5.450000000000044,31.560208089972857
5.475000000000044,30.52814656340785
5.500000000000044,29.45168288970325
5.525000000000045,28.336063606645777
5.550000000000045,27.18593778520864
5.5750000000000455,26.005503820380824
5.600000000000046,24.798599800528297
5.625000000000046,23.568767329118856
5.6500000000000465,22.31927891046976
5.675000000000047,21.053162105631902
5.700000000000047,19.77321697908417
5.725000000000048,18.482032307221534
5.750000000000048,17.181993602378746
5.775000000000048,15.875292775111943
5.800000000000049,14.563935269904087
5.825000000000049,13.249747417964503
5.850000000000049,11.934392621395885
5.87500000000005,10.619374935551912
5.90000000000005,9.306034500280424
5.9250000000000504,7.995581730365751
5.950000000000051,6.689101292271134
5.975000000000051,5.387518606690637
6.0000000000000515,4.091664498495737
6.025000000000052,2.8022747118951497
6.050000000000052,1.519951488098684
6.075000000000053,0.24520676409339148
6.100000000000053,-1.0215109671920697
6.125000000000053,-2.2798258859227287
6.150000000000054,-3.529502193512476
6.175000000000054,-4.770332155699103
6.200000000000054,-6.002148036954923
6.225000000000055,-7.224828526056969
6.250000000000055,-8.43840301518397
6.275000000000055,-9.642903499198402
6.300000000000056,-10.838383258195297
6.325000000000056,-12.024927693745852
6.3500000000000565,-13.20267685658381
6.375000000000057,-14.371910395178089
6.400000000000057,-15.532905752909878
6.4250000000000576,-16.685961919809234
6.450000000000058,-17.831415461246113
6.475000000000058,-18.969652363838446
6.500000000000059,-20.101117804569533
6.525000000000059,-21.226417640074747
6.550000000000059,-22.346222067763293
6.57500000000006,-23.461251996338085
6.60000000000006,-24.5723032455902
6.62500000000006,-25.68026559306495
6.650000000000061,-26.786138846993634
6.675000000000061,-27.89104717402241
6.7000000000000615,-28.996252318204768
6.725000000000062,-30.103165968200905
6.750000000000062,-31.213469731971664
6.7750000000000625,-32.32897811820214
6.800000000000063,-33.45165882817509
6.825000000000063,-34.583650541150455
6.850000000000064,-35.727273483343154
6.875000000000064,-36.88503336506792
6.900000000000064,-38.05961834028547
6.925000000000065,-39.25392290914803
6.950000000000065,-40.47103586690234
6.975000000000065,-41.71410614446727
7.000000000000066,-42.98630567905948
7.025000000000066,-44.29076532470311
7.050000000000066,-45.63043135711528
7.075000000000067,-47.00792194326907
7.100000000000067,-48.42536093605243
7.1250000000000675,-49.883859323339436
7.150000000000068,-51.38354130572999
7.175000000000068,-52.92276700047941
7.200000000000069,-54.49809635015044
7.225000000000069,-56.103325017021824
7.250000000000069,-57.72966433834327
7.27500000000007,-59.364922769937074
7.30000000000007,-60.993817638398916
7.32500000000007,-62.598417678688044
7.350000000000071,-64.15832199517473
7.375000000000071,-65.65262831832841
7.400000000000071,-67.06106512145502
7.425000000000072,-68.36606377024914
7.450000000000072,-69.55399338286647
7.4750000000000725,-70.61655450755214
7.500000000000073,-71.55106012085174
7.525000000000073,-72.36008041492971
7.5500000000000735,-73.05053196765671
7.575000000000074,-73.63243386929189
7.600000000000074,-74.11755204596177
7.625000000000075,-74.518320330378
7.650000000000075,-74.84690283574959
7.675000000000075,-75.11462964443167
7.700000000000076,-75.33164476004093
7.725000000000076,-75.50677805959572
7.750000000000076,-75.64755637549435
7.775000000000077,-75.76029108024632
7.800000000000077,-75.8502102439688
7.8250000000000774,-75.92160595287035
7.850000000000078,-75.97797912687857
7.875000000000078,-76.02217235937576
7.9000000000000785,-76.05648653941188
7.925000000000079,-76.08278057010453
7.950000000000079,-76.10255475782935
7.97500000000008,-76.11701952470165
8.00000000000008,-76.12715156872147
8.025000000000079,-76.13373943751407
8.050000000000077,-76.13742032949459
8.075000000000076,-76.13870971361321
8.100000000000074,-76.13802511993005
8.125000000000073,-76.1357052263362
8.150000000000071,-76.13202516455814
8.17500000000007,-76.12720879525833
8.200000000000069,-76.12143855709888
8.225000000000067,-76.11486337542485
8.250000000000066,-76.10760501929242
8.275000000000064,-76.09976321737317
8.300000000000063,-76.09141978052672
8.325000000000061,-76.08264192868216
8.35000000000006,-76.07348497967244
8.375000000000059,-76.06399452581545
8.400000000000057,-76.05420819869006
8.425000000000056,-76.0441571023898
8.450000000000054,-76.03386697948905
8.475000000000053,-76.02335916117966
8.500000000000052,-76.01265134285383
8.52500000000005,-76.0017582182886
8.550000000000049,-75.99069199910267
8.575000000000047,-75.97946283291091
8.600000000000046,-75.96807916286038
8.625000000000044,-75.9565480174786
8.650000000000043,-75.94487524790952
8.675000000000042,-75.93306572393841
8.70000000000004,-75.92112349623744
8.725000000000039,-75.9090519308783
8.750000000000037,-75.89685382103852
8.775000000000036,-75.88453147992233
8.800000000000034,-75.87208681818332
8.825000000000033,-75.85952140853976
8.850000000000032,-75.84683653978979
8.87500000000003,-75.83403326203907
8.900000000000029,-75.8211124246321
8.925000000000027,-75.80807470801604
8.950000000000026,-75.79492065055078
8.975000000000025,-75.78165067110346
9.000000000000023,-75.76826508812114
9.025000000000022,-75.75476413575649
9.05000000000002,-75.74114797752439
9.075000000000019,-75.72741671788614
9.100000000000017,-75.71357041209212
9.125000000000016,-75.69960907455858
9.150000000000015,-75.68553268600878
9.175000000000013,-75.67134119957139
9.200000000000012,-75.65703454599695
9.22500000000001,-75.64261263812833
9.250000000000009,-75.62807537473824
9.275000000000007,-75.61342264382982
9.300000000000006,-75.59865432548044
9.325000000000005,-75.58377029429687
9.350000000000003,-75.56877042153899
9.375000000000002,-75.55365457696044
9.4,-75.53842263040738
9.424999999999999,-75.52307445321
9.449999999999998,-75.50760991939632
9.474999999999996,-75.49202890675339
9.499999999999995,-75.47633129775718
9.524999999999993,-75.46051698038933
9.549999999999992,-75.44458584885616
9.57499999999999,-75.42853780422341
9.599999999999989,-75.41237275497767
9.624999999999988,-75.39609061752445
9.649999999999986,-75.37969131663105
9.674999999999985,-75.36317478582129
9.699999999999983,-75.34654096772822
9.724999999999982,-75.32978981441018
9.74999999999998,-75.31292128763445
9.774999999999979,-75.2959353591326
9.799999999999978,-75.27883201083074
9.824999999999976,-75.26161123505761
9.849999999999975,-75.24427303473297
9.874999999999973,-75.22681742353842
9.899999999999972,-75.2092444260726
9.92499999999997,-75.19155407799225
9.949999999999969,-75.17374642614058
9.974999999999968,-75.1558215286642
9.999999999999966,-75.13777945511956
10.024999999999965,-75.11962028656988
10.049999999999963,-75.10134411567343
10.074999999999962,-75.08295104676355
10.09999999999996,-75.06444119592149
10.12499999999996,-75.0458146910421
10.149999999999958,-75.02707167189315
10.174999999999956,-75.00821229016859
10.199999999999955,-74.98923670953599
10.224999999999953,-74.97014508098903
10.249999999999952,-74.9509375546967
10.27499999999995,-74.9316143028257
10.29999999999995,-74.91217551767392
10.324999999999948,-74.89262141013847
10.349999999999946,-74.87295220845911
10.374999999999945,-74.85316815718794
10.399999999999944,-74.83326951634525
10.424999999999942,-74.81325656072814
10.44999999999994,-74.79312957934431
10.47499999999994,-74.77288887494865
10.499999999999938,-74.75253476366353
10.524999999999936,-74.73206757466761
10.549999999999935,-74.71148764994012
10.574999999999934,-74.69079534405026
10.599999999999932,-74.66999102398283
10.62499999999993,-74.64907506899301
10.64999999999993,-74.62804787048427
10.674999999999928,-74.6069098319045
10.699999999999926,-74.58566136865653
10.724999999999925,-74.56430290801939
10.749999999999924,-74.5428348890779
10.774999999999922,-74.52125776265822
10.79999999999992,-74.49957199126762
10.82499999999992,-74.47777804903674
10.849999999999918,-74.45587642166358
10.874999999999917,-74.43386760635775
10.899999999999915,-74.41175211178462
10.924999999999914,-74.38953045800844
10.949999999999912,-74.36720317643399
10.97499999999991,-74.34477080974655
10.99999999999991,-74.32223391184964
11.024999999999908,-74.29959304780036
11.049999999999907,-74.27684879374229
11.074999999999905,-74.25400173683562
11.099999999999904,-74.23105247518451
11.124999999999902,-74.20800161776172
11.1499999999999,-74.18484978433023
11.1749999999999,-74.16159760536205
11.199999999999898,-74.13824572195425
11.224999999999897,-74.11479478574198
11.249999999999895,-74.09124545880873
11.274999999999894,-74.06759841359386
11.299999999999892,-74.0438543327973
11.324999999999891,-74.02001390928163
11.34999999999989,-73.99607784597151
11.374999999999888,-73.9720468391244
11.399999999999887,-73.947921512368
11.424999999999885,-73.92370251974172
11.449999999999884,-73.8993905420772
11.474999999999882,-73.87498628394833
11.499999999999881,-73.85049047109776
11.52499999999988,-73.82590384826193
11.549999999999878,-73.80122717733012
11.574999999999877,-73.77646123578323
11.599999999999875,-73.75160681536701
11.624999999999874,-73.72666472096189
11.649999999999872,-73.7016357696175
11.674999999999871,-73.67652078972523
11.69999999999987,-73.65132062030656
11.724999999999868,-73.62603611039806
11.749999999999867,-73.60066811851755
11.774999999999865,-73.57521751219802
11.799999999999864,-73.5496851675781
11.824999999999863,-73.52407196903984
11.849999999999861,-73.49837880888572
11.87499999999986,-73.47260658704855
11.899999999999858,-73.44675621082844
11.924999999999857,-73.42082859465236
11.949999999999855,-73.39482465985229
11.974999999999854,-73.36874533445867
11.999999999999853,-73.34259155300653
12.024999999999851,-73.31636425635187
12.04999999999985,-73.2900643914965
12.074999999999848,-73.26369291141955
12.099999999999847,-73.23725077491464
12.124999999999845,-73.21073894643125
12.149999999999844,-73.1841583959197
12.174999999999843,-73.15751009867878
12.199999999999841,-73.13079503520552
12.22499999999984,-73.10401419104652
12.249999999999838,-73.07716855665052
12.274999999999837,-73.05025912722186
12.299999999999836,-73.02328690257448
12.324999999999834,-72.99625288698644
12.349999999999833,-72.96915806295931
12.374999999999831,-72.94200325794415
12.39999999999983,-72.91478933659204
12.424999999999828,-72.88751719542203
12.449999999999827,-72.86018775828158
12.474999999999826,-72.83280197247647
12.499999999999824,-72.80536080546727
12.524999999999823,-72.77786524204564
12.549999999999821,-72.75031628191742
12.57499999999982,-72.72271493763091
12.599999999999818,-72.69506223279815
12.624999999999817,-72.66735920056524
12.649999999999816,-72.63960688229426
12.674999999999814,-72.61180632642505
12.699999999999813,-72.58395858749022
12.724999999999811,-72.55606472526017
12.74999999999981,-72.5281258039992
12.774999999999809,-72.50014289181573
12.799999999999807,-72.47211706009296
12.824999999999806,-72.44404938298797
12.849999999999804,-72.41594093698896
12.874999999999803,-72.38779280052216
12.899999999999801,-72.35960605360101
12.9249999999998,-72.33138177751134
12.949999999999799,-72.30312105452718
12.974999999999797,-72.27482496765285
12.999999999999796,-72.24649460038725
13.024999999999794,-72.21813103650727
13.049999999999793,-72.18973535986734
13.074999999999791,-72.16130865421296
13.09999999999979,-72.13285200300611
13.124999999999789,-72.10436648926074
13.149999999999787,-72.0758531953871
13.174999999999786,-72.04731320304346
13.199999999999784,-72.01874759299442
13.224999999999783,-71.99015744497468
13.249999999999782,-71.96154373169279
13.27499999999978,-71.93290723807073
13.299999999999779,-71.90424879437906
13.324999999999777,-71.87556926929162
13.349999999999776,-71.84686956392953
13.374999999999774,-71.81815060674852
13.399999999999773,-71.78941334914602
13.424999999999772,-71.76065876168339
13.44999999999977,-71.7318878308344
13.474999999999769,-71.70310155618436
13.499999999999767,-71.67430094801563
13.524999999999766,-71.64548702522417
13.549999999999764,-71.6166608135207
13.574999999999763,-71.58782334387587
13.599999999999762,-71.55897565117534
13.62499999999976,-71.53011877305516
13.649999999999759,-71.50125374889234
13.674999999999757,-71.47238161892882
13.699999999999756,-71.44350342351039
13.724999999999755,-71.4146202024245
13.749999999999753,-71.38573299432319
13.774999999999752,-71.35684283621957
13.79999999999975,-71.32795076304748
13.824999999999749,-71.29905780727576
13.849999999999747,-71.27016499856951
13.874999999999746,-71.24127336349213
13.899999999999745,-71.21238392524222
13.924999999999743,-71.18349770342095
13.949999999999742,-71.15461571382556
13.97499999999974,-71.12573896826545
13.999999999999739,-71.09686847439798
14.024999999999737,-71.06800523558118
14.049999999999736,-71.03915025074126
14.074999999999735,-71.0103045142528
14.099999999999733,-70.9814690158302
14.124999999999732,-70.95264444447851
14.14999999999973,-70.92383136181367
14.174999999999729,-70.89503038583418
14.199999999999728,-70.86624218243264
14.224999999999726,-70.83746745806738
14.249999999999725,-70.80870695343069
14.274999999999723,-70.77996143797479
14.299999999999722,-70.7512317051764
14.32499999999972,-70.72251856843826
14.349999999999719,-70.69382285754054
14.374999999999718,-70.66514541556704
14.399999999999716,-70.63648709624208
14.424999999999715,-70.60784876162242
14.449999999999713,-70.57923128009674
14.474999999999712,-70.55063552465116
14.49999999999971,-70.52206237136556
14.524999999999709,-70.49351269810975
14.549999999999708,-70.46498738341303
14.574999999999706,-70.43648730548415
14.599999999999705,-70.4080133413617
14.624999999999703,-70.37956636617781
14.649999999999702,-70.35114725252019
14.6749999999997,-70.3227568698795
14.699999999999699,-70.29439608417091
14.724999999999698,-70.26606575732018
14.749999999999696,-70.23776674690562
14.774999999999695,-70.2094999058488
14.799999999999693,-70.18126608214754
14.824999999999692,-70.15306611864574
14.84999999999969,-70.12490085283513
14.87499999999969,-70.09677111668492
14.899999999999688,-70.06867773649564
14.924999999999686,-70.04062153277405
14.949999999999685,-70.01260332012643
14.974999999999683,-69.98462390716777
14.999999999999682,-69.95668374277727
15.02499999999968,-69.92878302642522
15.04999999999968,-69.90092203277067
15.074999999999678,-69.87310110106151
15.099999999999676,-69.84532062592416
15.124999999999675,-69.81758104935552
15.149999999999674,-69.7898828537565
15.174999999999672,-69.76222655586876
15.19999999999967,-69.7346127014959
15.22499999999967,-69.70704186090582
15.249999999999668,-69.67951462482587
15.274999999999666,-69.65203160095366
15.299999999999665,-69.62459341091699
15.324999999999664,-69.59720068762499
15.349999999999662,-69.56985407296042
15.37499999999966,-69.54255421576943
15.39999999999966,-69.51530177011071
15.424999999999658,-69.48809739373135
15.449999999999656,-69.46094174674019
15.474999999999655,-69.433835490454
15.499999999999654,-69.40677928639434
15.524999999999652,-69.37977379541624
15.54999999999965,-69.35281967695192
15.57499999999965,-69.32591758835515
15.599999999999648,-69.29906818433345
15.624999999999647,-69.27227211645717
15.649999999999645,-69.24553003273567
15.674999999999644,-69.21884257725223
15.699999999999642,-69.19221038985022
15.72499999999964,-69.16563410586413
15.74999999999964,-69.13911435588976
15.774999999999638,-69.11265176558864
15.799999999999637,-69.08624695552233
15.824999999999635,-69.05990054101288
15.849999999999634,-69.03361313202612
15.874999999999632,-69.00738533307472
15.89999999999963,-68.9812177431388
15.92499999999963,-68.95511034512178
15.949999999999628,-68.92906295395399
15.974999999999627,-68.9030754786573
15.999999999999625,-68.87714791001372
16.024999999999626,-68.85128030978072
16.049999999999624,-68.82547280125412
16.074999999999623,-68.7997255610061
16.09999999999962,-68.77403881164926
16.12499999999962,-68.74841281549722
16.14999999999962,-68.72284786900921
16.174999999999617,-68.69734429792078
16.199999999999616,-68.67190245297519
16.224999999999614,-68.64652270618134
16.249999999999613,-68.62120544753296
16.27499999999961,-68.59595108213247
16.29999999999961,-68.57076002766988
16.32499999999961,-68.54563271221303
16.349999999999607,-68.52056957227155
16.374999999999606,-68.49557105110065
16.399999999999604,-68.47063759721603
16.424999999999603,-68.44576966309384
16.4499999999996,-68.42096770403354
16.4749999999996,-68.39623217716363
16.4999999999996,-68.37156354057305
16.524999999999597,-68.34696225255306
16.549999999999596,-68.322428770936
16.574999999999594,-68.29796355251952
16.599999999999593,-68.27356705256553
16.62499999999959,-68.24923972436508
16.64999999999959,-68.22498201886111
16.67499999999959,-68.20079438432191
16.699999999999587,-68.17667726605926
16.724999999999586,-68.15263110618572
16.749999999999584,-68.12865634340633
16.774999999999583,-68.10475341284041
16.79999999999958,-68.0809227458699
16.82499999999958,-68.0571647700108
16.84999999999958,-68.03347990880505
16.874999999999577,-68.00986858173005
16.899999999999576,-67.98633120412383
16.924999999999574,-67.96286757075356
16.949999999999573,-67.93947710236137
16.97499999999957,-67.91615933734721
16.99999999999957,-67.89291391734908
17.02499999999957,-67.86974057455767
17.049999999999567,-67.84663912055157
17.074999999999566,-67.82360943646614
17.099999999999564,-67.8006514643337
17.124999999999563,-67.77776519945294
17.14999999999956,-67.75495068366344
17.17499999999956,-67.73220799941645
17.19999999999956,-67.70953726454688
17.224999999999557,-67.68693862766283
17.249999999999556,-67.66441226407919
17.274999999999554,-67.64195837223103
17.299999999999553,-67.61957717050994
17.32499999999955,-67.59726889447347
17.34999999999955,-67.57503379438378
17.37499999999955,-67.55287213303681
17.399999999999547,-67.53078418384791
17.424999999999546,-67.50877022916374
17.449999999999545,-67.48683055877419
17.474999999999543,-67.46496546860064
17.49999999999954,-67.44317525954021
17.52499999999954,-67.4214602364476
17.54999999999954,-67.39982070723846
17.574999999999537,-67.37825698210018
17.599999999999536,-67.35676937279747
17.624999999999535,-67.33535819206165
17.649999999999533,-67.3140237530539
17.67499999999953,-67.29276636889384
17.69999999999953,-67.2715863522456
17.72499999999953,-67.25048401495492
17.749999999999527,-67.22945966773098
17.774999999999526,-67.20851361986794
17.799999999999525,-67.18764617900136
17.824999999999523,-67.1668576508954
17.849999999999522,-67.14614833925712
17.87499999999952,-67.12551854557478
17.89999999999952,-67.104968568977
17.924999999999518,-67.08449870611062
17.949999999999516,-67.06410925103465
17.974999999999515,-67.04380049512862
17.999999999999513,-67.02357272701343
18.024999999999512,-67.00342623248315
18.04999999999951,-66.98336129444651
18.07499999999951,-66.96337716499127
18.099999999999508,-66.94347300451983
18.124999999999506,-66.92364810465634
18.149999999999505,-66.90390187296038
18.174999999999503,-66.88423381940852
18.199999999999502,-66.86464354443437
18.2249999999995,-66.84513072834352
18.2499999999995,-66.82569512194237
18.274999999999498,-66.8063365382393
18.299999999999496,-66.78705484509334
18.324999999999495,-66.7678499587011
18.349999999999493,-66.74872183782479
18.374999999999492,-66.72967047867627
18.39999999999949,-66.71069591038193
18.42499999999949,-66.69179819096172
18.449999999999488,-66.67297740376371
18.474999999999486,-66.65423365430215
18.499999999999485,-66.63556706745311
18.524999999999483,-66.6169777849671
18.549999999999482,-66.59846596326254
18.57499999999948,-66.58003177146828
18.59999999999948,-66.56167538968703
18.624999999999478,-66.54339700745444
18.649999999999476,-66.525196822372
18.674999999999475,-66.50707503889372
18.699999999999473,-66.48903186724954
18.724999999999472,-66.47106752248976
18.74999999999947,-66.4531822236369
18.77499999999947,-66.4353761929328
18.799999999999468,-66.41764965517022
18.824999999999466,-66.40000283709938
18.849999999999465,-66.3824359669008
18.874999999999464,-66.36494927371716
18.899999999999462,-66.3475429872373
18.92499999999946,-66.3302173373265
18.94999999999946,-66.31297255369773
18.974999999999458,-66.29580886561926
18.999999999999456,-66.2787265016545
19.024999999999455,-66.2617256894302
19.049999999999454,-66.24480665543
19.074999999999452,-66.22796962481024
19.09999999999945,-66.21121482123557
19.12499999999945,-66.1945424667319
19.149999999999448,-66.17795278155494
19.174999999999446,-66.16144598407222
19.199999999999445,-66.14502229065722
19.224999999999444,-66.1286819155941
19.249999999999442,-66.11242507099172
19.27499999999944,-66.09625196670598
19.29999999999944,-66.0801628102693
19.324999999999438,-66.06415780682654
19.349999999999437,-66.04823715907648
19.374999999999435,-66.0324010672181
19.399999999999434,-66.0166497289013
19.424999999999432,-66.00098333918122
19.44999999999943,-65.98540209047584
19.47499999999943,-65.9699049545743
19.499999999999428,-65.95449096223622
19.524999999999427,-65.9391592787575
19.549999999999425,-65.92390918877717
19.574999999999424,-65.90874008278605
19.599999999999422,-65.89365144514281
19.62499999999942,-65.87864284342601
19.64999999999942,-65.86371391897075
19.674999999999418,-65.848864378456
19.699999999999417,-65.83409398642435
19.724999999999415,-65.81940255862943
19.749999999999414,-65.8047899561182
19.774999999999412,-65.79025607996596
19.79999999999941,-65.77580086659121
19.82499999999941,-65.76142428358575
19.849999999999408,-65.74712632600263
19.874999999999407,-65.73290701305116
19.899999999999405,-65.71876638515376
19.924999999999404,-65.70470450132449
19.949999999999402,-65.6907214368337
19.9749999999994,-65.67681728112709
19.9999999999994,-65.66299213597101
20.024999999999398,-65.64924611379905
20.049999999999397,-65.6355793362377
20.074999999999395,-65.62199193279112
20.099999999999394,-65.60848403966776
20.124999999999392,-65.5950557987329
20.14999999999939,-65.58170735657335
20.17499999999939,-65.56843886366188
20.199999999999388,-65.55525047361047
20.224999999999387,-65.54214234250242
20.249999999999385,-65.52911462829476
20.274999999999384,-65.51616749028315
20.299999999999383,-65.50330108862237
20.32499999999938,-65.4905155838962
20.34999999999938,-65.47781113673146
20.37499999999938,-65.46518790745098
20.399999999999377,-65.45264605576152
20.424999999999375,-65.44018574047256
20.449999999999374,-65.42780711924271
20.474999999999373,-65.41551034835054
20.49999999999937,-65.40329558248716
20.52499999999937,-65.39116297456825
20.54999999999937,-65.37911267556319
20.574999999999367,-65.36714483433961
20.599999999999365,-65.35525959752144
20.624999999999364,-65.34345710935908
20.649999999999363,-65.33173751161038
20.67499999999936,-65.32010094343109
20.69999999999936,-65.30854754127377
20.72499999999936,-65.2970774387944
20.749999999999357,-65.28569076676554
20.774999999999356,-65.2743876529955
20.799999999999354,-65.26316822225284
20.824999999999353,-65.25203259619553
20.84999999999935,-65.24098089330431
20.87499999999935,-65.23001322881979
20.89999999999935,-65.21912971468286
20.924999999999347,-65.20833045947808
20.949999999999346,-65.19761556837958
20.974999999999344,-65.18698514309946
20.999999999999343,-65.17643928183821
21.02499999999934,-65.165978079237
21.04999999999934,-65.15560162633159
21.07499999999934,-65.14531001050791
21.099999999999337,-65.13510331545882
21.124999999999336,-65.12498162114214
21.149999999999334,-65.11494500373983
21.174999999999333,-65.10499353561814
21.19999999999933,-65.09512728528861
21.22499999999933,-65.08534631737005
21.24999999999933,-65.07565069255112
21.274999999999327,-65.06604046755375
21.299999999999326,-65.05651569509715
21.324999999999324,-65.04707642386248
21.349999999999323,-65.03772269845807
21.37499999999932,-65.02845455938524
21.39999999999932,-65.01927204300459
21.42499999999932,-65.01017518150289
21.449999999999317,-65.00116400286036
21.474999999999316,-64.99223853081857
21.499999999999314,-64.98339792197886
21.524999999999313,-64.97464130450496
21.54999999999931,-64.96596791064427
21.57499999999931,-64.95737706491738
21.59999999999931,-64.94886817360249
21.624999999999307,-64.94044071537091
21.649999999999306,-64.93209423294628
21.674999999999304,-64.92382832567426
21.699999999999303,-64.91564264290226
21.7249999999993,-64.90753687808002
21.7499999999993,-64.89951076350177
21.7749999999993,-64.89156406561925
21.799999999999297,-64.88369658086337
21.824999999999296,-64.8759081319184
21.849999999999294,-64.86819856439926
21.874999999999293,-64.86056774388794
21.89999999999929,-64.85301555328954
21.92499999999929,-64.84554189047327
21.94999999999929,-64.8381466661672
21.974999999999287,-64.83082980207905
21.999999999999286,-64.82359122921847
22.024999999999284,-64.81643088639882
22.049999999999283,-64.809348718899
22.07499999999928,-64.80234467726777
22.09999999999928,-64.79541871625518
22.12499999999928,-64.78857079385743
22.149999999999277,-64.7818008704625
22.174999999999276,-64.77510890808607
22.199999999999275,-64.76849486968759
22.224999999999273,-64.76195871855806
22.24999999999927,-64.75550041777163
22.27499999999927,-64.74911992969426
22.29999999999927,-64.74281721554316
22.324999999999267,-64.73659223499166
22.349999999999266,-64.73044494581464
22.374999999999265,-64.72437530357
22.399999999999263,-64.71838326131254
22.42499999999926,-64.7124687693367
22.44999999999926,-64.70663177494507
22.47499999999926,-64.70087222223997
22.499999999999257,-64.69519005193568
22.524999999999256,-64.68958520118916
22.549999999999255,-64.68405760344723
22.574999999999253,-64.67860718830867
22.599999999999252,-64.67323388139961
22.62499999999925,-64.66793760426073
22.64999999999925,-64.66271827424536
22.674999999999248,-64.65757580442711
22.699999999999246,-64.6525101035162
22.724999999999245,-64.64752107578369
22.749999999999243,-64.64260862099265
22.774999999999242,-64.63777263433587
22.79999999999924,-64.63301300637934
22.82499999999924,-64.62832962301088
22.849999999999238,-64.62372236539369
22.874999999999236,-64.61919110992419
22.899999999999235,-64.61473572819392
22.924999999999233,-64.61035608695504
22.949999999999232,-64.6060520480892
22.97499999999923,-64.60182346857957
22.99999999999923,-64.59767020048568
23.024999999999228,-64.59359209092096
23.049999999999226,-64.58958898203274
23.074999999999225,-64.58566071098457
23.099999999999223,-64.58180710994078
23.124999999999222,-64.57802800605302
23.14999999999922,-64.57432322144874
23.17499999999922,-64.57069257322158
23.199999999999218,-64.56713587342342
23.224999999999216,-64.56365292905824
23.249999999999215,-64.56024354207739
23.274999999999213,-64.55690750937664
23.299999999999212,-64.55364462279455
23.32499999999921,-64.55045466911236
23.34999999999921,-64.54733743005531
23.374999999999208,-64.54429268229528
23.399999999999206,-64.54132019745482
23.424999999999205,-64.53841974211248
23.449999999999203,-64.5355910778094
23.474999999999202,-64.53283396105721
23.4999999999992,-64.53014814334718
23.5249999999992,-64.52753337116059
23.549999999999198,-64.52498938598029
23.574999999999196,-64.52251592430356
23.599999999999195,-64.52011271765606
23.624999999999194,-64.51777949260702
23.649999999999192,-64.5155159707856
23.67499999999919,-64.51332186889843
23.69999999999919,-64.51119689874828
23.724999999999188,-64.50914076725394
23.749999999999186,-64.50715317647116
23.774999999999185,-64.50523382361484
23.799999999999184,-64.50338240108228
23.824999999999182,-64.50159859647756
23.84999999999918,-64.49988209263715
23.87499999999918,-64.49823256765647
23.899999999999178,-64.49664969491774
23.924999999999176,-64.49513314311879
23.949999999999175,-64.49368257630314
23.974999999999174,-64.49229765389101
23.999999999999172,-64.49097803071156
24.02499999999917,-64.48972335703613
24.04999999999917,-64.4885332786126
24.074999999999168,-64.48740743670088
24.099999999999167,-64.48634546810933
24.124999999999165,-64.48534700523243
24.149999999999164,-64.48441167608931
24.174999999999162,-64.48353910436353
24.19999999999916,-64.48272890944372
24.22499999999916,-64.48198070646538
24.249999999999158,-64.48129410635363
24.274999999999157,-64.48066871586704
24.299999999999155,-64.4801041376424
24.324999999999154,-64.47959997024054
24.349999999999152,-64.4791558081931
24.37499999999915,-64.47877124205031
24.39999999999915,-64.47844585842972
24.424999999999148,-64.47817924006586
24.449999999999147,-64.47797096586088
24.474999999999145,-64.47782061093612
24.499999999999144,-64.47772774668458
24.524999999999142,-64.47769194082429
24.54999999999914,-64.47771275745257
24.57499999999914,-64.47778975710122
24.599999999999138,-64.47792249679252
24.624999999999137,-64.47811053009606
24.649999999999135,-64.4783534071865
24.674999999999134,-64.47865067490206
24.699999999999132,-64.47900187680382
24.72499999999913,-64.4794065532359
24.74999999999913,-64.47986424138631
24.774999999999128,-64.48037447534855
24.799999999999127,-64.48093678618409
24.824999999999125,-64.48155070198537
24.849999999999124,-64.4822157479397
24.874999999999122,-64.48293144639369
24.89999999999912,-64.48369731691842
24.92499999999912,-64.48451287637528
24.949999999999118,-64.48537763898237
24.974999999999117,-64.48629111638162
24.999999999999115,-64.48725281770638
25.024999999999114,-64.48826224964964
25.049999999999113,-64.48931891653281
25.07499999999911,-64.49042232037506
25.09999999999911,-64.49157196096309
25.12499999999911,-64.49276733592143
25.149999999999107,-64.49400794078328
25.174999999999105,-64.49529326906168
25.199999999999104,-64.49662281232118
25.224999999999103,-64.49799606024995
25.2499999999991,-64.49941250073216
25.2749999999991,-64.50087161992086
25.2999999999991,-64.50237290231108
25.324999999999097,-64.50391583081337
25.349999999999095,-64.50549988682751
25.374999999999094,-64.50712455031663
25.399999999999093,-64.50878929988147
25.42499999999909,-64.51049361283494
25.44999999999909,-64.51223696527684
25.47499999999909,-64.51401883216884
25.499999999999087,-64.51583868740956
25.524999999999086,-64.51769600390976
25.549999999999084,-64.5195902536678
25.574999999999083,-64.52152090784499
25.59999999999908,-64.52348743684117
25.62499999999908,-64.52548931037029
25.64999999999908,-64.52752599753602
25.674999999999077,-64.52959696690733
25.699999999999076,-64.53170168659412
25.724999999999074,-64.53383962432274
25.749999999999073,-64.53601024751151
25.77499999999907,-64.53821302334615
25.79999999999907,-64.540447418855
25.82499999999907,-64.54271290098428
25.849999999999067,-64.5450089366731
25.874999999999066,-64.54733499292826
25.899999999999064,-64.54969053689891
25.924999999999063,-64.55207503595105
25.94999999999906,-64.55448795774167
25.97499999999906,-64.55692877029271
25.99999999999906,-64.55939694206474
26.024999999999057,-64.56189194203026
26.049999999999056,-64.56441323974678
26.074999999999054,-64.56696030542956
26.099999999999053,-64.56953261002381
26.12499999999905,-64.57212962527676
26.14999999999905,-64.57475082380914
26.17499999999905,-64.57739567918631
26.199999999999047,-64.58006366598893
26.224999999999046,-64.58275425988322
26.249999999999044,-64.58546693769061
26.274999999999043,-64.58820117745707
26.29999999999904,-64.59095645852173
26.32499999999904,-64.59373226158516
26.34999999999904,-64.59652806877692
26.374999999999037,-64.59934336372265
26.399999999999036,-64.60217763161056
26.424999999999034,-64.60503035925723
26.449999999999033,-64.60790103517293
26.47499999999903,-64.61078914962616
26.49999999999903,-64.61369419470765
26.52499999999903,-64.6166156643936
26.549999999999027,-64.61955305460835
26.574999999999026,-64.62250586328618
26.599999999999024,-64.62547359043258
26.624999999999023,-64.6284557381847
26.64999999999902,-64.63145181087103
26.67499999999902,-64.63446131507041
26.69999999999902,-64.6374837596702
26.724999999999017,-64.64051865592374
26.749999999999016,-64.64356551750694
26.774999999999014,-64.64662386057414
26.799999999999013,-64.64969320381307
26.82499999999901,-64.65277306849912
26.84999999999901,-64.65586297854863
26.87499999999901,-64.6589624605714
26.899999999999007,-64.6620710439224
26.924999999999006,-64.66518826075246
26.949999999999005,-64.66831364605827
26.974999999999003,-64.67144673773137
26.999999999999,-64.6745870766063
27.024999999999,-64.67773420650784
27.049999999999,-64.68088767429734
27.074999999998997,-64.68404702991816
27.099999999998996,-64.68721182644018
27.124999999998995,-64.69038162010334
27.149999999998993,-64.69355597036035
27.17499999999899,-64.69673443991839
27.19999999999899,-64.69991659477985
27.22499999999899,-64.70310200428221
27.249999999998987,-64.7062902411369
27.274999999998986,-64.7094808814672
27.299999999998985,-64.7126735048453
27.324999999998983,-64.71586769432822
27.349999999998982,-64.71906303649295
27.37499999999898,-64.72225912147047
27.39999999999898,-64.72545554297892
27.424999999998978,-64.72865189835576
27.449999999998976,-64.73184778858895
27.474999999998975,-64.73504281834718
27.499999999998973,-64.73823659600916
27.524999999998972,-64.74142873369188
27.54999999999897,-64.74461884727792
27.57499999999897,-64.74780655644187
27.599999999998968,-64.7509914846757
27.624999999998966,-64.75417325931313
27.649999999998965,-64.75735151155321
27.674999999998963,-64.76052587648276
27.699999999998962,-64.76369599309794
27.72499999999896,-64.76686150432486
27.74999999999896,-64.77002205703924
27.774999999998958,-64.7731773020851
27.799999999998956,-64.77632689429255
27.824999999998955,-64.7794704924946
27.849999999998953,-64.78260775954301
27.874999999998952,-64.78573836232336
27.89999999999895,-64.788861971769
27.92499999999895,-64.79197826287418
27.949999999998948,-64.7950869147063
27.974999999998946,-64.7981876104172
27.999999999998945,-64.80128003725353
28.024999999998943,-64.80436388656629
28.049999999998942,-64.80743885381943
28.07499999999894,-64.8105046385976
28.09999999999894,-64.81356094461302
28.124999999998938,-64.81660747971144
28.149999999998936,-64.81964395587734
28.174999999998935,-64.8226700892382
28.199999999998933,-64.8256856000679
28.224999999998932,-64.8286902127894
28.24999999999893,-64.83168365597648
28.27499999999893,-64.83466566235472
28.299999999998928,-64.8376359688017
28.324999999998926,-64.8405943163463
28.349999999998925,-64.8435404501673
28.374999999998924,-64.84647411959116
28.399999999998922,-64.84939507808907
28.42499999999892,-64.85230308327317
28.44999999999892,-64.85519789689207
28.474999999998918,-64.85807928482556
28.499999999998916,-64.86094701707876
28.524999999998915,-64.86380086777527
28.549999999998914,-64.86664061514989
28.574999999998912,-64.86946604154046
28.59999999999891,-64.87227693337907
28.62499999999891,-64.87507308118255
28.649999999998908,-64.87785427954236
28.674999999998906,-64.88062032711379
28.699999999998905,-64.88337102660444
28.724999999998904,-64.88610618476218
28.749999999998902,-64.88882561236242
28.7749999999989,-64.89152912419476
28.7999999999989,-64.89421653904904
28.824999999998898,-64.89688767970082
28.849999999998897,-64.89954237289628
28.874999999998895,-64.90218044933646
28.899999999998894,-64.90480174366108
28.924999999998892,-64.90740609443172
28.94999999999889,-64.90999334411448
28.97499999999889,-64.9125633390621
28.999999999998888,-64.91511592949563
29.024999999998887,-64.91765096948546
29.049999999998885,-64.92016831693208
29.074999999998884,-64.92266783354607
29.099999999998882,-64.92514938482789
29.12499999999888,-64.92761284004705
29.14999999999888,-64.93005807222086
29.174999999998878,-64.9324849580928
29.199999999998877,-64.9348933781104
29.224999999998875,-64.93728321640273
29.249999999998874,-64.93965436075752
29.274999999998872,-64.94200670259778
29.29999999999887,-64.9443401369582
29.32499999999887,-64.94665456246106
29.349999999998868,-64.9489498812918
29.374999999998867,-64.95122599917426
29.399999999998865,-64.95348282534557
29.424999999998864,-64.9557202725308
29.449999999998862,-64.95793825691707
29.47499999999886,-64.96013669812764
29.49999999999886,-64.96231551919546
29.524999999998858,-64.96447464653659
29.549999999998857,-64.96661400992329
29.574999999998855,-64.96873354245683
29.599999999998854,-64.97083318054007
29.624999999998852,-64.97291286384979
29.64999999999885,-64.9749725353088
29.67499999999885,-64.97701214105777
29.699999999998848,-64.97903163042695
29.724999999998847,-64.98103095590753
29.749999999998845,-64.98301007312298
29.774999999998844,-64.98496894080007
29.799999999998843,-64.98690752073978
29.82499999999884,-64.98882577778801
29.84999999999884,-64.99072367980615
29.87499999999884,-64.99260119764152
29.899999999998837,-64.99445830509761
29.924999999998835,-64.99629497890423
29.949999999998834,-64.99811119868755
29.974999999998833,-64.99990694694
29.99999999999883,-65.00168220899003
30.02499999999883,-65.00343678555087
30.04999999999883,-65.00517049426378
30.074999999998827,-65.00688317854359
30.099999999998825,-65.00857470499507
30.124999999998824,-65.01024496111023
30.149999999998823,-65.0118938532154
30.17499999999882,-65.01352130464055
30.19999999999882,-65.0151272540865
30.22499999999882,-65.01671165416796
30.249999999998817,-65.01827447011323
30.274999999998816,-65.01981567860311
30.299999999998814,-65.0213352667339
30.324999999998813,-65.02283323109057
30.34999999999881,-65.02430957691828
30.37499999999881,-65.02576431738112
30.39999999999881,-65.02719747289872
30.424999999998807,-65.02860907055205
30.449999999998806,-65.02999914355081
30.474999999998804,-65.03136773075569
30.499999999998803,-65.03271487624949
30.5249999999988,-65.03404062895163
30.5499999999988,-65.03534504227143
30.5749999999988,-65.03662817379583
30.599999999998797,-65.03789008500785
30.624999999998796,-65.03913084103226
30.649999999998794,-65.04035051040582
30.674999999998793,-65.04154916486894
30.69999999999879,-65.04272687917693
30.72499999999879,-65.04388373092829
30.74999999999879,-65.04501980040847
30.774999999998787,-65.04613517044726
30.799999999998786,-65.0472299262884
30.824999999998784,-65.04830415547009
30.849999999998783,-65.04935794771527
30.87499999999878,-65.05039139483041
30.89999999999878,-65.05140459061231
30.92499999999878,-65.05239763076155
30.949999999998777,-65.05337061280231
30.974999999998776,-65.0543236360077
30.999999999998774,-65.0552568013299
31.024999999998773,-65.056170211335
31.04999999999877,-65.05706397014151
31.07499999999877,-65.0579381833627
31.09999999999877,-65.05879295805194
31.124999999998767,-65.0596284026511
31.149999999998766,-65.06044462694139
31.174999999998764,-65.06124174199657
31.199999999998763,-65.06201986013835
31.22499999999876,-65.06277909489359
31.24999999999876,-65.06351956095324
31.27499999999876,-65.06424137413292
31.299999999998757,-65.06494465133481
31.324999999998756,-65.06562951051092
31.349999999998754,-65.06629607062746
31.374999999998753,-65.06694445163036
31.39999999999875,-65.06757477441174
31.42499999999875,-65.06818716077728
31.44999999999875,-65.06878173341447
31.474999999998747,-65.06935861586157
31.499999999998746,-65.06991793247738
31.524999999998744,-65.07045980841157
31.549999999998743,-65.0709843695757
31.57499999999874,-65.07149174261482
31.59999999999874,-65.07198205487965
31.62499999999874,-65.07245543439916
31.649999999998737,-65.07291200985375
31.674999999998736,-65.0733519105489
31.699999999998735,-65.07377526638915
31.724999999998733,-65.07418220785264
31.74999999999873,-65.07457286596598
31.77499999999873,-65.07494737227942
31.79999999999873,-65.07530585884264
31.824999999998727,-65.07564845818062
31.849999999998726,-65.07597530327008
31.874999999998725,-65.07628652751609
31.899999999998723,-65.07658226472914
31.92499999999872,-65.07686264910247
31.94999999999872,-65.07712781518968
31.97499999999872,-65.07737789788277
31.999999999998717,-65.07761303239027
32.02499999999872,-65.07783335421594
32.049999999998725,-65.07803899913748
32.07499999999873,-65.07823010318572
32.09999999999874,-65.07840680262404
32.12499999999874,-65.07856923392802
32.14999999999875,-65.07871753376538
32.174999999998754,-65.07885183897626
32.19999999999876,-65.07897228655365
32.224999999998765,-65.07907901362418
32.24999999999877,-65.07917215742911
32.274999999998776,-65.07925185530561
32.29999999999878,-65.0793182446683
32.32499999999879,-65.07937146299099
32.34999999999879,-65.07941164778875
32.3749999999988,-65.07943893660013
32.399999999998805,-65.07945346696974
32.42499999999881,-65.07945537643099
32.449999999998816,-65.07944480248906
32.47499999999882,-65.07942188260424
32.49999999999883,-65.0793867541753
32.52499999999883,-65.0793395545233
32.54999999999884,-65.07928042087549
32.574999999998845,-65.07920949034953
32.59999999999885,-65.07912689993789
32.624999999998856,-65.07903278649252
32.64999999999886,-65.0789272867097
32.67499999999887,-65.07881053711515
32.69999999999887,-65.07868267404933
32.72499999999888,-65.07854383365306
32.749999999998884,-65.07839415185319
32.77499999999889,-65.07823376434865
32.799999999998896,-65.07806280659666
32.8249999999989,-65.0778814137991
32.84999999999891,-65.07768972088918
32.87499999999891,-65.07748786251825
32.89999999999892,-65.07727597304293
32.924999999998924,-65.07705418651229
32.94999999999893,-65.07682263665535
32.974999999998936,-65.07658145686882
32.99999999999894,-65.07633078020488
33.02499999999895,-65.07607073935934
33.04999999999895,-65.07580146665988
33.07499999999896,-65.0755230940546
33.099999999998964,-65.07523575310063
33.12499999999897,-65.07493957495305
33.149999999998975,-65.07463469035396
33.17499999999898,-65.07432122962173
33.19999999999899,-65.07399932264049
33.22499999999899,-65.07366909884973
33.249999999999,-65.0733306872342
33.274999999999004,-65.07298421631388
33.29999999999901,-65.07262981413422
33.324999999999015,-65.07226760825648
33.34999999999902,-65.07189772574837
33.37499999999903,-65.07152029317476
33.39999999999903,-65.07113543658859
33.42499999999904,-65.07074328152207
33.449999999999044,-65.07034395297785
33.47499999999905,-65.06993757542054
33.499999999999055,-65.06952427276833
33.52499999999906,-65.06910416838478
33.549999999999066,-65.0686773850708
33.57499999999907,-65.06824404505677
33.59999999999908,-65.06780426999487
33.62499999999908,-65.06735818095149
33.64999999999909,-65.06690589839992
33.674999999999095,-65.06644754221314
33.6999999999991,-65.06598323165669
33.724999999999106,-65.06551308538188
33.74999999999911,-65.06503722141899
33.77499999999912,-65.06455575717072
33.79999999999912,-65.06406880940575
33.82499999999913,-65.06357649425247
33.849999999999135,-65.06307892719286
33.87499999999914,-65.06257622305652
33.899999999999146,-65.06206849601483
33.92499999999915,-65.0615558595753
33.94999999999916,-65.06103842657598
33.97499999999916,-65.06051630918016
33.99999999999917,-65.05998961887101
34.024999999999174,-65.0594584664466
34.04999999999918,-65.05892296201479
34.074999999999186,-65.05838321498851
34.09999999999919,-65.05783933408101
34.1249999999992,-65.05729142730135
34.1499999999992,-65.0567396019499
34.17499999999921,-65.05618396461412
34.199999999999214,-65.05562462116437
34.22499999999922,-65.05506167674984
34.249999999999226,-65.05449523579472
34.27499999999923,-65.05392540199435
34.29999999999924,-65.05335227831162
34.32499999999924,-65.05277596697344
34.34999999999925,-65.05219656946728
34.374999999999254,-65.05161418653795
34.39999999999926,-65.0510289181844
34.424999999999265,-65.0504408636567
34.44999999999927,-65.0498501214531
34.47499999999928,-65.04925678931724
34.49999999999928,-65.04866096423541
34.52499999999929,-65.04806274243401
34.549999999999294,-65.0474622193771
34.5749999999993,-65.04685948976397
34.599999999999305,-65.04625464752701
34.62499999999931,-65.04564778582943
34.64999999999932,-65.04503899706336
34.67499999999932,-65.04442837284785
34.69999999999933,-65.0438160040271
34.72499999999933,-65.04320198066873
34.74999999999934,-65.04258639206216
34.774999999999345,-65.04196932671712
34.79999999999935,-65.04135087236226
34.824999999999356,-65.04073111594379
34.84999999999936,-65.04011014362432
34.87499999999937,-65.03948804078176
34.89999999999937,-65.03886489200829
34.92499999999938,-65.03824078110941
34.949999999999385,-65.03761579110316
34.97499999999939,-65.0369900042194
34.999999999999396,-65.03636350189913
35.0249999999994,-65.03573636479396
35.04999999999941,-65.03510867276566
35.07499999999941,-65.03448050488579
35.09999999999942,-65.03385193943544
35.124999999999424,-65.03322305390496
35.14999999999943,-65.03259392499399
35.174999999999436,-65.03196462861128
35.19999999999944,-65.03133523987486
35.22499999999945,-65.03070583311218
35.24999999999945,-65.03007648186026
35.27499999999946,-65.02944725886607
35.299999999999464,-65.02881823608688
35.32499999999947,-65.02818948469074
35.349999999999476,-65.02756107505704
35.37499999999948,-65.02693307677707
35.39999999999949,-65.0263055586548
35.42499999999949,-65.02567858870756
35.4499999999995,-65.02505223416698
35.474999999999504,-65.02442656147983
35.49999999999951,-65.02380163630905
35.524999999999515,-65.0231775235348
35.54999999999952,-65.02255428725562
35.57499999999953,-65.02193199078957
35.59999999999953,-65.02131069667557
35.62499999999954,-65.0206904666747
35.649999999999544,-65.0200713617716
35.67499999999955,-65.01945344217597
35.699999999999555,-65.01883676732409
35.72499999999956,-65.0182213958804
35.74999999999957,-65.01760738573921
35.77499999999957,-65.0169947940264
35.79999999999958,-65.0163836771012
35.824999999999584,-65.01577409055805
35.84999999999959,-65.01516608922852
35.874999999999595,-65.01455972718324
35.8999999999996,-65.01395505773401
35.924999999999606,-65.01335213343577
35.94999999999961,-65.01275100608885
35.97499999999962,-65.01215172674108
35.99999999999962,-65.01155434569012
36.02499999999963,-65.01095891248568
36.049999999999635,-65.01036547593196
36.07499999999964,-65.00977408409005
36.099999999999646,-65.00918478428035
36.12499999999965,-65.00859762308511
36.14999999999966,-65.00801264635102
36.17499999999966,-65.0074298991918
36.19999999999967,-65.00684942599091
36.224999999999675,-65.00627127040418
36.24999999999968,-65.00569547536267
36.274999999999686,-65.00512208307539
36.29999999999969,-65.00455113503223
36.3249999999997,-65.00398267200683
36.3499999999997,-65.0034167340595
36.37499999999971,-65.00285336054024
36.399999999999714,-65.00229259009178
36.42499999999972,-65.00173446065264
36.449999999999726,-65.00117900946023
36.47499999999973,-65.00062627305402
36.49999999999974,-65.00007628727876
36.52499999999974,-64.99952908728768
36.54999999999975,-64.99898465513829
36.574999999999754,-64.99844297014911
36.59999999999976,-64.9979040176783
36.624999999999766,-64.99736778838816
36.64999999999977,-64.99683427759146
36.67499999999978,-64.99630348467022
36.69999999999978,-64.99577541255904
36.72499999999979,-64.99525006728594
36.749999999999794,-64.99472745756415
36.7749999999998,-64.99420759442943
36.799999999999805,-64.9936904909176
36.82499999999981,-64.99317616177825
36.84999999999982,-64.99266462322014
36.87499999999982,-64.9921558926852
36.89999999999983,-64.99164998864777
36.924999999999834,-64.99114693043623
36.94999999999984,-64.99064673807483
36.974999999999845,-64.99014943214308
36.99999999999985,-64.9896550336512
37.02499999999986,-64.98916356392944
37.04999999999986,-64.98867504453007
37.07499999999987,-64.98818949714051
37.09999999999987,-64.98770694350627
37.12499999999988,-64.98722740536283
37.149999999999885,-64.98675090437531
37.17499999999989,-64.98627746208514
37.199999999999896,-64.98580709986292
37.2249999999999,-64.98533983886689
37.24999999999991,-64.98487570000621
37.27499999999991,-64.98441470390874
37.29999999999992,-64.9839568708926
37.324999999999925,-64.98350222094132
37.34999999999993,-64.98305077368201
37.374999999999936,-64.98260254836627
37.39999999999994,-64.98215756385363
37.42499999999995,-64.98171583859707
37.44999999999995,-64.98127739063057
37.47499999999996,-64.98084223755835
37.499999999999964,-64.98041039654565
37.52499999999997,-64.9799818843109
37.549999999999976,-64.97955671711914
37.57499999999998,-64.97913491077644
37.59999999999999,-64.97871648062542
37.62499999999999,-64.97830144154156
37.65,-64.97788980793028
37.675000000000004,-64.97748159372476
37.70000000000001,-64.97707681238433
37.725000000000016,-64.97667547689342
37.75000000000002,-64.97627759976109
37.77500000000003,-64.97588319302083
37.80000000000003,-64.97549226823094
37.82500000000004,-64.97510483647507
37.850000000000044,-64.97472090836325
37.87500000000005,-64.97434049403314
37.900000000000055,-64.97396360315146
37.92500000000006,-64.97359024491575
37.95000000000007,-64.9732204280563
37.97500000000007,-64.9728541608382
38.00000000000008,-64.97249145106368
38.025000000000084,-64.97213230607449
38.05000000000009,-64.97177673275445
38.075000000000095,-64.97142473753213
38.1000000000001,-64.97107632638362
38.12500000000011,-64.97073150483538
38.15000000000011,-64.97039027796727
38.17500000000012,-64.9700526504155
38.200000000000124,-64.96971862637582
38.22500000000013,-64.96938820960669
38.250000000000135,-64.96906140343246
38.27500000000014,-64.96873821074674
38.300000000000146,-64.96841863401568
38.32500000000015,-64.9681026752814
38.35000000000016,-64.96779033616538
38.37500000000016,-64.96748161787197
38.40000000000017,-64.96717652119183
38.425000000000175,-64.9668750465055
38.45000000000018,-64.96657719378696
38.475000000000186,-64.96628296260717
38.50000000000019,-64.96599235213772
38.5250000000002,-64.96570536115445
38.5500000000002,-64.96542198804109
38.57500000000021,-64.96514223079292
38.600000000000215,-64.9648660870205
38.62500000000022,-64.96459355395328
38.650000000000226,-64.96432462844342
38.67500000000023,-64.96405930696943
38.70000000000024,-64.96379758563995
38.72500000000024,-64.96353946019752
38.75000000000025,-64.96328492602228
38.775000000000254,-64.96303397813578
38.80000000000026,-64.96278661120478
38.825000000000266,-64.96254281954495
38.85000000000027,-64.96230259712476
38.87500000000028,-64.96206593756924
38.90000000000028,-64.96183283416373
38.92500000000029,-64.96160327985778
38.950000000000294,-64.9613772672689
38.9750000000003,-64.96115478868639
39.000000000000306,-64.96093583607514
39.02500000000031,-64.96072040107951
39.05000000000032,-64.9605084750271
39.07500000000032,-64.96030004893257
39.10000000000033,-64.9600951135015
39.125000000000334,-64.95989365913418
39.15000000000034,-64.9596956759295
39.175000000000345,-64.95950115368868
39.20000000000035,-64.95931008191917
39.22500000000036,-64.95912244983845
39.25000000000036,-64.95893824637784
39.27500000000037,-64.95875746018633
39.300000000000374,-64.9585800796344
39.32500000000038,-64.95840609281784
39.350000000000385,-64.95823548756152
39.37500000000039,-64.95806825142326
39.4000000000004,-64.95790437169757
39.4250000000004,-64.9577438354195
39.45000000000041,-64.95758662936842
39.47500000000041,-64.95743274007178
39.50000000000042,-64.95728215380893
39.525000000000425,-64.95713485661487
39.55000000000043,-64.95699083428403
39.575000000000436,-64.95685007237404
39.60000000000044,-64.9567125562095
39.62500000000045,-64.95657827088567
39.65000000000045,-64.9564472012723
39.67500000000046,-64.95631933201729
39.700000000000465,-64.95619464755046
39.72500000000047,-64.95607313208725
39.750000000000476,-64.95595476963243
39.77500000000048,-64.9558395439838
39.80000000000049,-64.95572743873588
39.82500000000049,-64.95561843728358
39.8500000000005,-64.95551252282588
39.875000000000504,-64.95540967836952
39.90000000000051,-64.95530988673258
39.925000000000516,-64.95521313054816
39.95000000000052,-64.95511939226802
39.97500000000053,-64.95502865416614
40.00000000000053,-64.95494089834239
